{"cameraMode":{"drawMode":0,"name":"Shaded","section":"Shading Mode"},"sceneLighting":false,"audioPlay":false,"sceneViewState":{"showFog":true,"showMaterialUpdate":false,"showSkybox":false,"showFlares":true,"showImageEffects":true,"showParticleSystems":true},"in2DMode":false,"pivot":{"x":0.4772653579711914,"y":1.4606924057006837,"z":-6.829228401184082},"rotation":{"x":-0.2408117949962616,"y":0.3941032290458679,"z":-0.10779950022697449,"w":-0.8803815841674805},"size":11.646583557128907,"orthographic":false}