{"cameraMode":{"drawMode":0,"name":"Shaded","section":"Shading Mode"},"sceneLighting":false,"audioPlay":false,"sceneViewState":{"showFog":true,"showMaterialUpdate":false,"showSkybox":false,"showFlares":true,"showImageEffects":true,"showParticleSystems":true},"in2DMode":false,"pivot":{"x":2.2069854736328127,"y":2.8170719146728517,"z":-6.501710891723633},"rotation":{"x":-0.32484740018844607,"y":0.22810059785842896,"z":-0.0810466930270195,"w":-0.9142624139785767},"size":11.07603931427002,"orthographic":false}