{"cameraMode":{"drawMode":0,"name":"Shaded","section":"Shading Mode"},"sceneLighting":true,"audioPlay":false,"sceneViewState":{"showFog":true,"showMaterialUpdate":false,"showSkybox":true,"showFlares":true,"showImageEffects":true,"showParticleSystems":true},"in2DMode":false,"pivot":{"x":481.91790771484377,"y":144.32852172851563,"z":0.6769187450408936},"rotation":{"x":0.0041343639604747299,"y":0.7248928546905518,"z":-0.004347910173237324,"w":0.6888355612754822},"size":22.0,"orthographic":true}